ClientID,BF1772,BF2152,BF1681,BF2370,BF9289,BF8238,BF0060,BF9878,BF0809,BF7814,BF8063,BF6885,BF5238,BF2887,BF4831,BF9724,BF6693,BF1414,BF0103,BF6167,BF6975,BF6604,BF3942,BF9708
100071193,True,True,True,False,True,True,True,False,True,False,True,False,True,True,True,False,False,False,False,True,True,False,False,False
102228703,True,True,True,True,False,True,True,False,True,True,True,False,True,True,True,False,False,True,True,True,True,False,True,True
102320254,True,False,False,True,True,True,True,False,True,True,True,True,False,True,True,True,False,False,True,True,True,False,True,True
103076257,False,False,True,True,False,True,True,True,True,False,False,True,False,True,True,False,False,False,True,False,True,True,True,True
103692255,True,True,False,True,True,True,False,True,True,True,True,True,True,False,True,False,False,True,True,True,True,True,False,True
105120468,True,True,True,True,True,False,True,True,True,False,True,True,True,True,True,True,True,True,True,True,False,True,True,True
109928560,True,False,False,True,False,True,True,True,True,True,True,False,True,True,False,True,True,False,False,True,True,False,False,True
110171128,True,False,True,False,False,True,True,True,True,True,False,False,False,False,False,True,False,True,True,True,False,False,True,True
110552209,True,True,True,True,True,True,True,False,True,False,False,False,False,True,True,True,True,True,True,False,True,True,True,False
111080176,True,False,True,True,True,False,False,False,True,True,True,False,True,False,True,False,True,True,True,True,True,False,False,True
111370443,True,True,True,False,False,True,False,True,True,False,True,True,True,True,False,True,True,True,False,False,False,False,True,True
111532088,True,True,True,True,True,False,False,True,True,True,True,True,True,True,True,False,False,False,True,False,False,False,True,True
112087671,True,True,False,True,True,False,False,True,False,False,False,True,True,False,False,True,False,True,True,False,True,True,False,False
112137859,True,True,True,False,True,False,True,True,True,False,True,True,True,True,True,False,True,False,False,False,True,True,True,True
113848143,True,False,True,True,False,True,True,True,True,True,True,True,True,True,True,False,False,False,True,False,False,True,False,True
114084722,False,True,True,True,True,False,False,True,True,False,True,True,False,True,True,False,True,False,True,True,False,True,False,False
114147579,True,False,False,True,False,True,False,False,True,True,True,True,False,True,True,True,True,True,True,True,False,True,True,True
114940045,False,True,False,False,True,True,True,True,True,True,True,False,True,False,False,True,True,True,False,True,True,False,True,False
116579465,True,True,True,True,False,True,True,False,True,True,True,True,False,False,True,False,True,False,False,True,True,False,True,False
117425588,True,False,True,True,False,False,True,True,True,False,False,False,True,True,False,False,False,True,True,True,True,True,True,False
118893982,True,True,True,True,True,True,False,True,True,True,False,True,True,True,False,False,True,False,False,True,False,False,False,True
119084313,False,True,True,True,True,True,False,True,True,False,True,True,False,False,True,True,False,True,False,True,True,False,True,True
119934948,True,False,False,True,True,False,False,True,True,True,False,False,True,True,True,False,True,True,True,True,False,True,True,True
120309319,False,True,True,False,False,True,True,False,True,True,False,True,False,True,True,True,False,False,False,True,True,False,True,True
120912556,True,False,True,True,True,False,True,False,True,True,True,True,False,True,False,False,False,True,False,True,True,True,True,False
122214442,True,True,False,True,True,True,False,True,False,True,False,True,False,True,True,True,True,False,True,False,True,True,False,True
123491556,False,True,True,False,True,False,True,True,True,True,True,True,True,True,False,False,True,False,False,False,True,False,True,True
124309706,False,False,False,False,False,True,True,True,True,True,True,True,True,True,False,False,True,False,True,False,True,True,False,True
125149462,True,False,False,False,True,True,True,False,True,True,True,True,False,True,True,False,True,True,True,False,False,False,True,True
125799118,False,False,True,False,False,True,True,True,True,True,True,True,False,True,True,True,False,False,False,False,True,False,True,True
127169052,False,True,True,False,False,True,True,True,True,False,True,False,False,False,True,False,True,False,False,False,False,True,False,False
129120976,False,False,False,True,True,False,True,True,False,False,False,False,True,False,True,True,True,False,True,False,False,False,True,True
129645212,True,False,False,False,True,False,True,True,False,True,True,False,True,True,True,True,True,True,True,False,False,False,True,True
129944407,True,True,True,True,True,True,True,False,False,False,False,True,True,True,True,True,True,True,True,False,True,True,True,True
130368545,True,True,True,True,False,False,True,True,True,False,False,True,True,True,True,False,True,True,True,True,True,True,True,True
132435420,True,True,False,True,False,True,False,True,True,True,True,False,True,True,False,True,True,False,True,True,False,True,False,False
133445159,True,False,True,True,False,True,False,True,True,True,True,True,False,True,True,True,False,True,True,True,True,False,False,True
134382923,True,False,False,False,True,True,False,True,True,False,True,True,False,False,True,False,False,False,True,True,True,False,True,True
134500410,False,False,True,True,False,True,False,True,False,True,True,False,True,True,False,False,True,False,True,True,True,True,False,False
136522981,True,False,False,False,True,False,True,True,True,True,True,True,True,True,True,True,True,True,True,True,False,False,True,True
136792598,True,True,True,True,True,True,False,True,True,False,True,True,True,False,True,True,True,False,True,True,True,False,True,True
136800865,False,True,True,True,False,True,True,False,True,False,True,True,False,True,True,True,True,True,True,True,True,True,True,False
136889015,True,True,True,True,True,True,True,True,True,True,False,False,True,True,True,True,True,True,True,True,True,True,True,False
137088565,False,True,True,False,True,False,True,True,False,False,False,True,False,True,True,False,False,True,True,True,False,False,False,True
137880967,True,True,True,False,True,True,False,True,False,False,True,True,True,True,True,False,False,False,True,True,True,True,True,True
139056963,False,True,True,False,True,True,False,False,False,True,True,True,True,False,True,True,False,True,True,True,False,True,True,True
141537827,True,True,True,True,True,False,True,True,True,True,True,True,False,True,True,True,False,True,True,True,False,True,False,True
141960488,True,True,False,True,False,True,True,False,True,False,True,True,True,True,True,True,True,True,False,False,True,False,False,False
143937463,True,True,True,False,True,False,True,True,True,True,False,False,True,True,False,True,True,True,False,False,True,True,True,False
147191794,True,False,True,False,True,True,True,True,False,False,True,True,True,False,True,False,True,False,True,True,True,True,False,True
148802088,True,True,False,True,True,True,True,True,True,False,True,False,False,False,False,True,False,True,True,False,True,True,True,False
151207704,True,True,True,False,True,False,True,True,True,False,True,True,True,False,True,True,False,False,True,True,True,False,False,True
153154348,False,False,False,True,True,False,False,True,False,False,True,False,True,False,True,True,False,True,True,True,False,True,False,True
153732125,False,True,True,True,False,False,False,True,False,True,True,False,False,True,False,True,True,True,True,True,True,True,True,False
154082394,True,True,False,False,False,True,True,True,False,True,True,False,True,False,True,False,True,False,True,True,True,True,True,False
154222290,False,True,True,False,True,True,False,True,False,True,True,True,True,True,True,True,False,True,True,True,False,True,True,False
154965625,True,True,True,True,True,True,True,True,True,False,False,False,False,True,True,False,True,True,True,True,False,True,True,True
155589871,True,True,True,True,True,False,True,True,True,True,False,True,False,False,False,True,True,True,True,True,False,True,True,True
156890316,True,True,True,False,False,True,True,True,False,True,False,True,False,False,False,False,True,False,False,True,True,True,False,True
158152614,True,True,False,False,False,True,False,True,True,False,True,True,True,True,True,True,True,False,True,True,False,False,False,True
158814357,True,False,False,True,True,False,True,False,True,True,True,False,True,True,True,True,True,False,True,True,False,False,True,True
160040916,True,True,True,True,True,True,False,True,True,True,False,False,False,True,False,True,True,True,True,True,False,True,False,True
160091981,True,False,False,True,True,True,False,True,True,True,True,True,True,True,False,True,True,True,False,True,True,False,True,True
162476207,True,False,True,True,False,False,True,True,True,True,False,False,False,False,False,True,False,True,True,True,False,True,True,False
164295475,True,True,False,True,True,True,False,True,True,True,True,False,False,True,True,False,True,True,True,False,False,False,False,False
164456478,True,True,True,False,False,True,False,True,True,True,True,True,True,True,False,True,True,True,True,True,True,False,True,False
164949052,True,True,False,True,False,True,True,True,True,False,False,False,True,True,True,True,True,True,False,True,True,False,True,False
165768517,False,True,False,True,False,False,False,True,True,True,True,True,True,True,True,False,True,False,False,True,True,True,False,True
168446324,True,True,True,False,True,True,True,True,False,True,True,True,False,True,True,True,False,True,True,True,True,True,True,False
169228571,False,False,True,True,False,True,False,False,True,True,False,True,False,False,False,True,False,True,False,True,True,False,False,True
169560770,False,True,True,False,True,False,True,True,True,True,False,True,False,False,True,True,False,False,True,True,True,True,True,True
169774703,True,False,False,False,False,False,True,True,True,False,True,True,False,True,False,False,False,False,True,False,True,False,True,True
171116432,False,True,True,False,True,True,False,True,True,False,True,False,True,True,False,False,True,True,True,True,True,True,True,True
171360927,True,True,True,True,False,True,True,True,True,True,True,True,False,True,False,True,True,True,False,False,True,True,False,True
171840997,True,False,True,True,False,False,True,False,True,True,False,True,False,True,True,True,False,True,True,False,False,True,True,True
171856025,True,True,True,False,False,True,False,False,True,True,False,True,True,False,False,True,True,True,False,True,True,True,True,True
172410282,True,True,True,True,False,True,True,False,False,True,True,True,False,False,True,True,False,False,False,False,True,True,True,True
172834339,True,False,False,True,True,True,True,True,True,False,True,True,True,False,True,False,True,True,False,True,True,True,True,False
173310591,False,False,True,True,True,True,True,True,True,True,True,False,True,True,True,True,False,True,True,True,True,True,False,True
173838115,True,False,False,True,False,False,True,True,True,False,False,True,True,True,True,True,True,True,True,True,False,True,True,True
174852221,False,False,True,True,False,False,True,True,True,False,True,True,True,True,True,True,True,True,True,True,False,True,True,False
176452492,False,False,True,True,True,False,True,False,True,False,False,True,True,True,False,True,True,False,True,True,False,False,True,False
177636420,True,True,True,False,False,False,True,True,True,False,True,True,False,False,True,False,True,False,True,True,True,False,False,True
178313408,True,True,True,False,True,True,False,True,True,False,False,False,True,True,True,False,False,False,True,False,False,True,True,True
181426928,True,False,False,False,False,False,True,True,False,True,True,False,True,True,True,True,True,False,True,True,False,False,False,False
183581920,True,True,True,True,True,True,True,True,True,True,False,False,False,True,True,True,True,True,True,True,False,True,True,True
184023036,False,True,True,False,True,False,True,False,True,False,True,True,True,True,True,True,False,False,True,True,True,False,False,True
184960549,False,True,False,True,False,False,True,False,True,False,True,True,True,True,False,False,False,True,False,False,False,True,True,True
189292238,False,True,True,False,True,True,False,False,True,True,True,False,False,True,True,False,True,True,True,True,False,False,True,False
189805811,False,False,True,True,False,True,False,True,False,True,True,True,True,True,True,False,True,False,True,False,True,True,False,True
190491552,True,False,True,True,False,True,True,True,False,True,False,False,True,True,True,True,False,True,False,True,True,True,True,True
190499590,False,False,False,True,False,False,True,False,False,True,True,False,False,True,True,True,True,False,True,True,False,False,True,False
190764682,True,False,True,False,False,True,True,True,True,True,True,False,True,True,True,True,True,True,True,True,True,False,True,True
191156623,True,True,True,True,True,False,True,False,True,False,True,True,False,True,True,True,True,False,True,False,True,True,False,True
194468996,True,False,True,True,False,True,False,False,False,True,True,False,True,False,True,False,True,False,False,False,True,True,True,True
194570340,False,True,False,True,False,False,False,False,True,False,True,False,True,False,False,False,False,False,True,True,True,False,True,True
195915645,False,True,False,False,True,True,False,False,True,True,True,True,False,True,True,True,False,False,False,True,True,True,True,False
196614204,False,False,True,False,True,False,False,False,True,True,False,True,True,False,True,True,False,True,True,False,True,False,True,True
196822935,True,True,False,True,False,True,True,True,True,True,True,True,True,True,True,False,True,True,True,True,False,True,True,True
197278189,False,False,True,False,False,True,True,True,False,True,True,False,False,False,True,True,True,False,True,True,False,True,True,True
197928096,True,False,True,False,True,True,False,True,False,True,True,False,True,True,True,True,True,True,False,True,True,True,True,True
197950503,True,True,True,False,True,True,False,True,True,True,False,False,False,False,True,True,False,True,False,True,False,False,True,True
201091877,False,False,True,False,False,True,True,False,False,True,False,True,False,True,True,True,False,True,False,False,True,True,True,False
201781754,True,False,True,True,False,True,True,False,True,True,True,True,True,False,False,False,False,False,False,True,True,True,True,False
203210359,False,True,True,False,False,False,False,False,False,True,False,False,True,False,False,False,True,False,True,True,True,True,True,True
203821083,True,False,True,False,False,False,False,False,True,True,True,False,False,False,False,True,True,True,False,False,True,False,True,False
209633074,False,False,True,True,True,True,True,False,True,False,True,False,True,True,False,True,True,True,False,False,True,True,False,False
209773113,True,True,False,True,True,True,True,True,True,False,False,True,False,True,True,True,True,True,True,False,True,True,False,True
211603471,False,True,True,True,True,True,False,False,True,False,True,True,True,True,False,True,True,True,False,False,True,True,True,True
212564012,False,False,False,True,True,False,False,True,True,False,False,True,False,True,True,False,False,True,False,True,True,False,True,True
212752912,True,True,True,False,True,True,True,True,False,True,False,False,True,True,True,False,False,True,True,False,True,False,True,False
218236149,True,False,False,True,True,False,False,True,False,True,True,False,True,True,True,False,False,False,False,True,True,False,False,True
218732159,False,True,True,True,True,True,False,True,False,True,False,True,False,False,False,False,True,True,True,False,True,True,False,False
219782729,False,True,True,True,False,True,True,True,False,True,True,False,True,True,False,True,False,True,True,True,True,False,True,True
220575020,True,False,False,True,True,True,False,True,False,False,True,False,False,False,True,False,True,True,False,True,True,True,False,True
220594202,True,True,True,False,True,True,False,True,True,True,False,True,False,True,False,True,False,False,True,True,False,True,True,False
220736495,True,True,False,False,True,True,True,True,True,False,True,False,True,True,True,True,False,True,False,False,True,True,True,False
221090142,True,True,False,False,False,True,True,True,True,False,True,False,True,True,True,True,True,True,True,False,False,True,True,True
221878673,False,False,True,True,False,False,True,True,True,True,True,False,False,True,True,True,True,False,True,True,True,False,True,False
223103230,False,False,False,True,True,True,True,True,True,True,False,True,True,True,True,True,False,True,True,True,True,False,True,True
225603978,True,True,True,True,True,True,False,False,True,False,False,True,False,False,True,True,True,False,True,True,True,True,True,True
227265235,False,False,True,True,True,True,False,True,True,True,True,True,False,True,True,True,True,False,False,True,True,True,True,True
228207308,False,True,False,True,False,True,True,True,False,True,False,True,True,False,True,True,True,False,True,True,True,True,True,True
228569299,False,False,True,True,True,True,False,True,True,True,False,True,False,False,False,False,True,True,True,False,True,True,True,False
229935872,False,False,False,True,True,True,True,True,False,True,True,True,True,True,True,False,False,True,False,False,True,True,True,True
231615341,True,True,False,False,True,True,False,True,True,False,True,True,True,True,True,True,True,True,False,True,False,True,True,False
233093469,True,True,True,False,False,False,True,True,True,True,False,False,True,True,True,False,False,False,True,False,False,True,True,True
233124852,True,False,True,True,False,False,True,True,True,False,True,False,False,False,True,True,True,False,True,False,True,True,True,True
234645737,False,True,True,True,False,True,True,False,True,True,True,True,False,True,False,False,True,False,False,False,False,False,True,True
235158763,True,False,True,False,True,False,False,True,True,True,False,True,True,True,False,True,True,False,False,True,True,True,False,False
235277937,True,True,True,True,False,True,False,True,False,False,True,True,False,True,False,True,True,True,False,True,False,True,True,True
235351161,True,False,True,True,False,True,True,True,False,False,False,True,True,True,True,False,True,True,True,True,False,True,True,True
237697847,False,True,True,False,False,True,True,False,False,True,True,True,True,True,True,True,False,False,True,False,False,False,True,False
238744046,True,False,False,False,False,True,True,True,False,False,False,True,True,False,True,False,False,False,True,True,True,True,True,False
241482807,False,False,True,False,False,True,True,True,False,False,True,False,True,True,False,False,True,False,False,True,True,True,True,True
242069169,True,True,True,True,True,True,False,True,True,True,False,True,True,False,True,True,False,False,True,False,True,True,True,False
242855350,True,False,False,True,False,True,False,True,False,True,True,True,False,True,True,True,True,True,False,True,False,False,True,True
242911618,True,True,True,True,True,True,True,True,False,False,False,True,True,True,True,False,False,True,False,False,False,False,True,True
243143043,False,True,True,False,True,False,True,False,False,False,True,True,True,False,True,False,False,False,True,True,True,True,True,False
243789138,False,True,False,False,True,True,False,True,True,True,False,False,True,False,True,True,True,False,True,True,False,True,True,True
244333373,True,True,True,False,True,False,False,True,False,False,True,True,True,False,False,True,False,False,True,False,True,True,True,True
246226728,True,False,True,True,True,True,True,True,True,True,False,False,True,False,True,True,False,False,True,False,True,True,True,True
247544102,False,False,True,False,True,False,False,False,True,True,False,True,True,True,True,True,True,True,True,False,False,True,True,True
248340035,True,False,True,True,True,True,True,True,True,False,False,True,True,True,False,False,True,False,True,True,True,True,False,True
248484731,True,False,True,True,True,True,True,True,False,True,False,False,True,True,False,True,False,True,True,True,True,False,True,True
250124582,True,False,True,True,True,True,True,False,False,False,True,True,False,False,False,False,True,True,False,True,False,False,False,True
250124907,True,True,False,True,True,True,False,True,True,False,True,True,True,False,True,True,False,True,True,True,False,False,True,False
251322881,True,True,False,True,False,True,True,False,False,True,True,True,True,True,True,True,False,False,False,True,True,False,True,False
251411997,False,False,False,False,True,False,True,True,False,True,True,False,True,True,True,True,False,False,True,True,False,True,False,True
251803398,True,True,False,True,True,True,True,True,True,False,True,False,True,True,True,True,True,True,True,True,True,True,True,False
252345635,False,False,True,True,True,True,False,True,True,True,True,True,True,True,False,True,False,True,True,False,True,True,False,True
253653966,True,False,False,False,False,True,True,False,True,True,False,True,True,False,True,True,False,True,False,True,False,False,False,True
253950835,False,False,True,True,True,True,True,False,True,True,True,False,True,True,False,True,False,True,False,False,True,False,False,True
254805406,False,True,True,True,True,True,True,False,False,True,True,True,True,True,False,True,True,True,False,False,True,True,True,False
254934720,False,False,False,False,True,False,True,True,False,True,True,False,False,True,True,True,False,True,True,True,True,True,True,True
255425505,True,True,False,True,True,False,True,False,True,True,False,False,True,True,False,False,False,True,False,True,True,False,False,True
255501688,True,False,False,True,True,True,True,True,False,False,False,False,True,True,False,True,True,False,True,True,True,False,True,True
255861898,False,True,True,False,True,True,False,False,False,True,True,True,False,True,True,False,False,False,True,True,True,False,False,False
256225297,True,False,False,True,True,True,False,True,False,False,True,False,True,False,True,True,True,True,True,True,False,True,True,True
257451490,True,True,True,True,False,True,True,True,True,False,True,True,False,True,True,True,False,True,True,False,False,False,True,True
261052131,True,True,False,True,True,False,False,True,False,False,True,True,False,True,True,True,True,True,True,True,True,False,True,False
261362487,True,True,False,False,True,False,True,True,True,True,True,False,True,False,False,False,True,True,False,False,True,False,True,True
263955267,False,True,True,True,True,True,False,False,True,True,True,False,True,True,True,True,True,False,True,True,True,True,False,True
266974699,False,True,True,True,True,True,False,False,False,False,False,True,True,True,True,False,False,True,False,False,True,True,True,False
268802186,True,True,True,True,True,False,True,True,True,True,True,False,True,True,True,False,True,True,True,True,True,True,True,True
269267709,True,True,True,False,False,True,True,True,True,True,True,True,False,True,True,True,False,True,False,True,True,True,True,True
272121718,False,True,False,True,True,True,True,False,True,False,False,True,False,False,True,True,True,True,False,True,True,False,False,True
272504651,True,True,False,True,True,False,False,False,False,True,True,True,False,True,False,True,True,False,True,True,True,True,True,True
273705601,True,True,True,False,True,False,True,True,False,True,False,True,True,True,True,False,True,False,True,True,False,True,True,True
274027610,False,False,False,False,True,False,True,False,True,True,True,True,True,False,False,False,False,True,False,True,False,False,True,True
274402038,True,True,True,True,True,False,False,True,False,True,True,False,True,True,True,False,True,False,True,False,True,True,True,False
274884637,True,True,True,True,True,True,True,True,False,True,True,True,True,True,True,True,False,False,True,True,True,True,True,False
276360222,True,True,False,True,True,False,False,True,False,True,False,True,False,False,True,True,True,False,True,False,True,True,True,True
276561908,True,True,True,True,False,True,True,True,True,False,True,True,True,True,True,True,True,True,True,True,False,True,False,False
277569553,False,True,False,False,True,True,False,True,True,True,True,True,True,True,False,False,False,False,False,True,False,False,True,False
279344278,True,False,False,False,True,True,True,True,True,True,True,False,True,False,True,True,True,True,True,True,True,True,True,False
283617415,False,True,True,False,True,False,False,True,False,True,False,True,False,False,False,True,True,False,True,False,False,False,True,True
287186867,False,False,False,False,True,True,True,True,True,False,False,False,True,True,False,False,False,False,True,True,False,True,False,True
288890503,True,False,False,True,True,True,True,True,True,True,True,True,False,False,True,True,False,True,True,True,True,False,False,False
288905929,True,True,True,True,False,True,True,False,True,True,False,False,False,True,False,False,True,False,True,True,True,True,True,False
293357104,True,True,True,True,True,False,True,False,True,True,True,True,False,False,True,False,False,False,True,True,False,True,True,True
294248615,True,True,True,True,True,True,True,False,False,False,True,True,True,True,False,True,True,True,False,False,False,False,False,False
294625310,True,False,False,False,False,False,True,False,True,True,True,True,True,True,True,True,True,True,True,True,True,True,False,True
295951736,False,False,True,True,True,False,True,False,True,False,True,True,True,True,True,True,True,True,True,True,True,True,False,True
296664177,True,True,True,True,True,False,True,False,True,True,True,True,True,True,True,True,True,True,False,True,True,False,True,False
296739406,False,False,True,False,False,False,False,True,False,True,True,True,False,False,False,False,True,True,True,True,True,False,True,True
297131463,True,False,False,True,True,False,False,True,True,True,True,True,False,False,True,False,False,True,False,False,False,True,False,True
298796064,False,False,True,True,True,True,True,True,True,False,False,True,True,False,False,True,False,True,True,False,True,True,True,True
300361840,True,False,False,True,False,True,False,False,True,True,True,True,False,False,True,False,True,False,False,True,False,True,True,False
301772652,False,True,False,False,True,False,False,True,True,False,True,True,False,False,False,False,True,False,False,False,True,False,False,False
302835963,True,True,False,True,True,False,False,False,True,True,True,False,True,True,False,False,False,False,True,True,True,True,False,True
305556796,True,True,True,False,False,False,False,True,True,True,False,True,True,True,True,True,True,True,True,True,True,True,True,True
306578796,True,True,True,True,True,True,False,True,False,True,True,False,True,False,True,True,True,True,False,True,True,True,True,False
306734459,True,False,False,True,True,True,True,True,False,True,True,True,True,True,True,True,True,False,True,False,True,True,False,True
308589279,True,False,True,False,True,True,True,True,False,True,True,True,True,False,True,True,False,False,False,False,True,True,True,False
308790527,True,True,False,True,True,False,True,True,True,True,True,True,True,False,True,True,True,False,True,True,True,False,True,True
311060558,True,False,True,True,True,True,True,False,True,True,False,True,False,False,False,True,False,False,True,True,True,False,False,True
311115380,False,True,False,True,False,True,True,True,True,True,True,False,False,True,False,True,False,True,True,True,True,True,True,True
312628070,False,True,True,True,False,False,False,False,True,True,True,True,True,False,True,True,True,False,True,False,False,True,True,False
312940611,True,True,False,True,True,True,True,True,True,True,False,True,False,True,True,True,False,False,False,False,False,False,True,True
315109829,True,True,True,False,True,True,True,False,True,True,False,True,True,True,True,True,True,True,False,True,False,True,True,False
316485725,True,True,True,True,True,False,True,False,True,True,True,False,True,True,True,True,False,True,True,True,False,True,True,True
316795406,True,True,True,False,False,False,False,False,True,False,True,True,False,True,False,True,True,False,False,False,False,False,True,True
318708654,False,True,True,True,True,False,False,True,False,False,False,True,True,True,True,False,True,False,False,False,True,False,True,True
320158716,False,True,False,False,False,True,True,False,True,False,False,True,True,False,False,True,True,False,True,True,True,True,False,True
320867767,True,False,True,True,True,True,False,True,False,False,False,True,True,True,True,True,True,True,False,True,True,False,True,True
321587298,False,True,False,False,False,False,True,False,False,True,False,True,True,True,True,True,True,False,False,True,True,False,False,True
321891219,True,False,False,True,True,False,True,True,False,False,False,True,True,False,True,False,True,True,False,True,False,True,True,True
322981573,True,False,True,True,False,True,True,False,True,True,False,False,False,False,True,True,True,True,True,True,True,True,True,False
323190068,True,True,True,False,True,False,True,True,False,True,True,False,True,True,True,False,True,False,True,True,True,True,False,False
324831265,True,False,True,True,False,True,False,True,True,False,True,False,False,True,False,True,False,True,True,False,False,True,True,True
325203306,True,True,False,True,True,False,True,True,False,False,True,True,True,True,False,False,False,True,True,False,False,True,True,False
325761992,False,True,False,True,False,False,True,False,False,False,True,False,True,False,True,False,True,False,True,True,False,True,True,True
326138846,True,True,True,True,True,True,True,True,False,True,False,True,True,False,False,False,True,True,True,True,True,True,True,True
326777342,True,True,False,True,False,False,True,False,True,False,True,False,True,False,True,True,True,True,True,True,True,True,True,False
326980507,True,True,False,True,True,True,False,False,True,True,True,False,True,True,True,True,True,True,False,True,True,True,True,False
327079966,True,True,True,True,False,False,False,True,True,False,True,True,True,False,True,True,True,True,True,False,False,False,False,True
328379085,False,True,False,False,True,True,True,False,True,False,True,True,False,False,False,True,False,False,True,True,True,True,True,True
329377949,False,False,True,True,True,True,True,True,True,False,False,False,True,True,False,True,True,True,True,True,False,True,True,True
330491745,True,True,False,True,True,True,True,True,True,True,False,True,False,True,True,False,True,True,True,False,True,True,True,True
331388358,True,True,False,True,True,False,True,True,False,False,True,True,True,True,False,True,False,False,False,True,False,True,True,True
331534109,False,False,False,True,True,True,True,True,True,False,True,False,False,True,True,True,True,False,True,True,True,True,False,True
334696217,True,False,True,False,True,True,True,True,True,False,True,False,True,False,True,False,False,True,True,True,True,True,False,True
335279435,True,True,True,True,False,False,False,True,True,False,True,True,True,True,True,False,False,True,False,True,False,True,True,True
336471257,False,True,False,True,True,True,True,True,False,True,True,True,True,True,False,True,True,True,True,False,False,True,True,False
337294063,True,True,True,False,False,True,False,True,True,False,False,True,True,True,False,True,False,True,True,True,True,True,True,True
338852801,True,True,True,True,True,True,True,False,False,False,False,True,True,True,True,False,True,True,True,False,True,False,False,False
339242731,True,False,False,True,True,True,True,True,False,True,True,True,True,True,True,True,True,True,False,False,True,False,True,False
339547906,False,False,True,False,False,True,False,False,True,False,True,False,True,True,False,False,True,True,True,True,False,True,True,True
341421664,False,False,True,True,True,False,True,True,True,False,False,False,True,True,True,True,True,True,False,False,True,False,False,True
341890072,True,True,True,False,True,True,False,True,False,False,False,True,True,False,True,True,True,True,False,True,True,True,True,True
342539149,True,False,True,True,True,True,True,False,True,False,True,True,False,True,True,True,True,True,True,True,False,True,False,True
343332465,True,False,True,False,True,True,True,True,True,True,True,False,True,True,False,True,True,True,True,True,False,True,True,False
343408685,False,False,True,True,False,True,True,True,True,True,False,True,True,True,False,False,False,True,True,True,True,True,True,False
343939838,False,False,True,True,True,True,True,False,True,False,False,True,True,True,True,True,True,True,True,True,True,False,True,True
347246714,False,False,True,True,True,False,True,True,True,False,True,False,True,True,True,True,True,False,True,True,True,True,False,False
347331184,True,True,True,True,True,True,True,True,True,False,True,False,True,False,True,True,True,True,False,True,False,True,True,False
348128425,False,True,True,True,True,True,True,True,True,True,True,True,True,True,True,True,True,True,False,True,False,True,True,False
350670130,True,False,True,False,False,True,True,True,True,True,True,False,True,True,True,True,True,True,True,True,False,False,True,True
352914785,False,False,True,True,True,True,False,False,False,False,False,False,True,True,True,True,False,True,True,False,False,True,False,False
354067597,True,True,False,True,True,True,False,True,False,True,False,True,False,True,True,False,False,False,False,True,True,True,False,True
355259317,True,True,True,False,False,True,True,False,True,True,False,True,True,True,False,False,True,True,True,True,True,True,True,False
356659789,True,False,True,True,True,True,False,False,False,True,False,True,True,False,True,True,True,False,True,True,True,False,True,True
357587458,True,True,True,False,False,False,True,True,True,False,True,True,True,False,True,True,True,True,True,False,False,True,True,True
358678296,True,True,True,True,False,True,False,True,False,False,False,True,False,False,True,False,True,True,False,True,True,True,True,False
359994960,True,True,False,False,False,True,False,True,True,True,False,False,True,False,True,True,False,True,True,True,False,True,False,True
360708845,False,False,True,False,True,True,True,True,True,False,False,True,False,True,False,True,True,True,False,True,True,True,False,True
361270431,True,True,True,True,False,False,False,False,True,True,False,False,True,False,True,True,False,False,False,True,True,True,False,True
364033317,False,False,True,True,False,False,True,True,True,False,True,False,True,True,True,True,False,True,True,False,True,True,False,False
364094949,False,True,False,True,False,True,True,True,False,True,True,True,True,True,False,True,False,True,True,False,True,False,True,True
364434994,False,True,False,True,True,True,False,True,True,True,True,True,False,True,True,False,True,True,False,False,True,True,False,True
365607518,True,False,True,True,False,True,False,True,False,False,True,False,True,False,True,False,False,False,False,True,True,True,False,False
366314289,True,True,False,False,True,True,False,True,True,False,False,True,True,True,True,True,False,False,False,False,False,False,True,True
367298885,True,True,True,False,False,True,True,True,True,True,False,True,True,True,False,True,True,False,False,True,False,True,True,False
369591525,True,True,True,True,False,True,True,False,True,False,True,True,False,True,False,False,False,True,True,True,False,True,False,True
370544835,False,True,False,True,True,False,True,False,True,True,True,True,False,True,True,True,True,False,False,True,True,False,True,False
370833379,True,True,True,True,False,False,True,True,True,False,True,False,False,True,True,False,True,True,True,False,True,False,True,False
372475181,True,True,False,False,True,False,False,False,True,True,True,False,False,True,True,False,True,True,False,True,True,True,True,True
374605268,True,True,True,False,True,True,True,False,True,True,False,True,True,True,False,True,True,False,True,False,True,False,False,True
375764013,True,False,False,False,True,True,True,False,True,True,True,True,True,True,False,False,False,True,True,False,True,False,False,True
376409385,True,False,True,False,True,True,True,True,True,False,True,False,True,True,False,True,False,False,True,False,False,True,True,True
377214559,True,True,False,True,True,False,True,False,False,True,True,False,True,True,True,True,True,False,False,False,True,False,True,False
377917209,False,False,True,True,True,True,True,True,False,True,True,False,True,True,True,False,False,True,False,False,False,False,False,True
379130253,True,False,True,True,True,False,False,True,False,False,True,True,True,False,True,True,False,True,False,True,False,False,True,True
380018067,True,True,True,True,False,True,False,True,False,False,False,True,False,True,False,True,True,False,False,True,True,True,True,True
380972087,False,True,False,True,False,True,False,True,True,True,True,True,True,False,False,True,True,True,True,False,True,False,False,True
383645227,True,True,True,True,True,True,True,True,False,False,True,False,False,True,False,True,True,False,True,False,True,False,True,True
384949368,True,False,False,False,True,True,True,True,False,True,True,True,True,False,True,True,True,False,False,True,False,True,True,True
387296443,False,False,False,True,False,True,True,True,True,True,False,True,False,True,False,False,False,True,True,True,False,True,True,True
388574394,True,True,True,False,True,False,True,True,True,False,False,False,True,True,False,True,True,True,False,False,True,True,True,True
388716041,False,True,True,False,True,True,True,False,False,False,False,True,True,False,True,True,False,True,True,True,True,False,False,False
389943525,False,False,True,True,False,True,True,True,True,True,False,False,True,False,True,True,True,True,False,True,True,True,True,False
390277925,False,True,True,True,True,False,True,True,True,True,True,True,True,True,True,True,True,True,False,False,True,False,True,False
391599825,False,True,False,True,False,False,True,True,False,True,True,True,False,True,True,True,True,True,False,True,True,False,True,True
392327181,True,True,True,True,True,False,False,True,False,True,True,True,True,True,True,False,True,True,True,False,True,True,False,False
392702999,False,False,False,True,True,False,False,True,False,True,False,False,False,True,False,True,False,True,True,True,False,False,False,True
392873174,True,True,True,False,True,True,False,False,True,True,True,False,False,True,True,False,True,False,False,True,True,True,False,True
393307559,True,False,False,False,False,True,True,False,True,True,True,True,False,True,True,True,True,True,False,False,False,True,True,True
394525024,True,True,False,True,True,False,True,True,True,True,True,False,False,False,False,True,True,True,True,True,False,False,True,True
395222538,False,False,True,False,False,True,True,False,True,True,True,False,True,True,True,True,True,True,True,False,True,True,True,False
395277317,True,True,True,True,False,True,False,False,False,True,True,True,True,True,True,True,True,True,True,True,False,True,True,True
395775892,True,True,False,False,True,True,True,False,True,False,True,True,False,False,False,True,True,False,True,False,False,True,True,True
395815101,True,True,True,True,True,True,False,False,True,True,True,True,False,True,True,True,False,False,True,False,False,True,True,True
396566891,False,True,False,True,False,False,False,True,False,False,True,True,True,True,False,True,True,True,True,False,True,False,True,False
396688306,False,True,True,False,False,True,True,True,False,False,True,True,True,True,False,False,False,False,True,True,True,True,True,True
397621238,True,True,True,False,True,True,True,False,False,False,True,False,True,True,True,True,True,True,True,True,True,True,True,True
398957377,True,True,True,True,True,True,True,False,True,True,False,False,False,False,False,True,False,True,True,True,True,True,False,True
399555610,False,False,True,True,False,True,True,False,True,True,True,True,True,True,True,False,True,False,True,True,True,True,True,True
401157132,False,False,False,False,False,True,True,False,True,True,False,False,True,True,True,True,True,False,True,True,False,True,True,False
403259713,False,False,False,True,False,True,False,True,True,True,False,True,False,False,False,True,True,True,True,True,False,True,True,False
408086142,True,True,False,True,False,True,True,True,False,True,True,True,True,False,False,True,True,True,False,False,True,True,True,True
408638369,True,True,True,True,False,False,False,False,True,True,True,True,True,True,False,True,True,True,True,True,True,False,True,False
409939196,True,True,True,True,True,True,False,True,True,True,True,False,False,False,False,True,False,False,False,True,True,False,True,False
410195482,False,True,True,True,True,True,False,True,False,False,True,False,False,True,True,False,True,False,False,False,False,True,False,True
412663424,True,True,False,True,True,True,True,True,True,False,True,False,True,True,False,True,False,True,False,False,False,True,True,True
412799067,False,False,True,True,True,False,True,False,True,False,True,True,True,False,True,False,True,True,True,True,True,False,True,True
413060335,True,False,True,False,True,False,True,True,False,True,False,True,False,True,False,True,True,True,False,True,True,True,True,False
413583671,True,False,True,False,True,True,False,True,True,False,False,True,True,True,True,True,False,True,False,True,True,True,True,False
413847600,True,True,True,True,False,False,True,True,True,False,True,False,True,True,False,False,True,True,True,True,False,False,False,True
414048076,True,False,True,False,False,True,False,False,False,True,True,False,True,True,True,True,False,False,True,True,True,True,False,True
415823242,False,True,True,True,True,True,False,True,True,False,False,True,True,False,True,False,True,True,True,True,False,False,False,True
418554897,True,True,False,False,True,True,True,True,True,False,False,True,False,True,True,True,True,True,False,True,True,True,True,False
418980916,False,True,True,False,True,True,True,False,True,True,True,True,True,True,True,False,False,False,False,False,True,True,True,False
419727900,True,False,True,True,False,False,True,True,True,True,True,False,True,False,True,False,True,True,True,False,True,False,True,True
420973366,False,False,True,True,True,True,True,True,True,True,False,True,False,False,True,True,False,True,True,True,False,True,True,False
421495367,True,True,True,True,False,False,False,False,False,True,False,False,True,True,False,True,True,False,False,False,True,False,False,True
423384140,True,True,True,True,True,True,True,False,True,True,False,True,True,False,True,True,False,False,True,True,False,True,False,False
423928750,True,False,False,False,True,False,True,False,True,False,False,True,True,False,False,False,True,True,True,True,True,True,True,True
423956033,True,True,True,False,False,False,False,False,True,False,True,False,True,True,True,True,True,False,True,True,False,True,True,True
425187251,True,False,True,False,True,True,True,True,False,False,False,False,True,False,True,True,True,True,True,False,False,True,True,True
425296228,False,True,True,False,True,True,False,True,True,True,False,True,False,True,True,True,True,False,False,True,True,True,True,True
428373966,True,True,True,True,True,True,True,False,True,True,False,False,False,False,True,False,True,False,True,True,False,True,True,False
429395766,True,True,True,True,True,True,False,True,False,False,True,False,True,True,True,True,False,True,False,True,True,True,False,True
431372125,False,False,True,True,True,False,True,True,False,False,True,True,True,True,True,True,True,True,True,False,True,True,False,True
431472032,False,False,True,False,True,False,True,False,True,False,True,True,False,True,False,True,True,False,False,False,True,True,False,False
431765973,True,True,True,True,True,True,True,True,False,True,True,False,True,True,True,False,True,True,True,True,True,True,True,True
432322679,False,True,False,False,True,True,False,True,False,True,True,True,False,True,False,False,True,False,True,True,False,False,True,False
434314454,False,True,False,True,True,False,False,True,False,True,False,False,False,False,True,True,False,False,True,True,True,True,True,True
435115636,True,True,False,False,True,True,True,True,False,True,False,False,False,True,False,True,True,False,True,True,True,True,True,False
438017225,True,False,True,True,False,True,True,True,True,True,False,True,False,True,True,True,True,True,False,True,False,False,True,False
439733123,True,True,True,True,False,True,True,True,True,True,True,True,True,True,True,True,True,True,True,False,False,True,False,False
440990452,False,True,True,True,True,False,True,False,False,True,True,True,False,True,True,False,True,False,True,False,True,False,True,True
441665031,True,True,True,False,True,True,False,False,True,False,True,True,True,False,False,True,True,True,True,True,True,True,False,True
441853266,True,True,True,False,True,True,False,True,True,False,False,True,False,False,True,True,False,True,True,True,False,True,True,True
442417730,True,True,True,True,True,True,False,True,True,True,True,True,True,True,True,False,True,False,True,False,True,False,True,False
443209616,True,True,False,True,False,True,False,True,True,True,False,True,True,True,True,False,False,True,False,False,False,True,True,False
443423760,True,True,True,True,True,True,True,True,True,True,True,False,True,True,True,True,False,False,False,True,True,True,True,True
443628317,False,True,True,True,False,False,True,True,True,False,True,True,True,True,True,True,True,False,False,False,True,True,False,False
445430494,False,True,False,True,False,True,False,True,True,True,False,False,True,True,True,True,False,False,False,True,True,True,True,True
445703916,True,False,True,False,True,False,True,False,False,True,True,False,True,False,True,True,True,False,True,True,False,False,True,False
446634676,True,True,False,False,False,False,True,False,True,True,False,True,True,False,True,False,True,True,True,True,True,False,True,False
449609284,True,False,False,True,True,True,True,False,True,True,False,True,True,True,True,True,True,True,True,False,False,True,False,False
450540310,False,True,False,True,False,True,True,True,True,True,False,True,False,False,False,False,True,False,False,True,False,True,True,True
451474613,False,False,True,True,False,False,True,True,True,True,False,True,False,True,False,False,True,True,True,True,False,False,False,True
453375742,True,False,True,False,True,True,True,False,True,False,False,False,True,True,True,True,True,False,True,True,True,True,False,False
453794784,True,False,True,True,True,True,True,False,False,True,False,True,False,True,False,True,True,True,True,True,False,True,True,False
453969291,False,False,True,True,True,True,True,True,False,True,True,True,True,True,True,False,True,True,True,True,False,True,True,True
454090612,True,False,True,False,True,True,False,True,True,True,False,True,True,True,False,True,True,True,True,False,True,True,True,True
455048152,True,True,True,False,False,True,True,True,True,False,True,True,True,False,False,True,False,True,True,True,False,True,True,False
455674994,True,True,True,True,True,True,False,False,True,False,False,False,True,False,False,True,True,False,True,True,True,True,False,True
456968821,True,False,False,True,True,True,True,True,True,True,False,False,True,True,True,True,True,True,True,True,False,False,False,True
457538767,False,True,True,False,False,True,True,True,True,True,True,True,True,True,False,True,True,False,False,True,True,True,True,True
458547302,True,True,True,True,True,False,True,True,False,True,False,True,True,False,True,True,True,False,False,True,False,False,True,True
458896681,True,True,True,False,False,True,True,True,True,True,False,False,True,False,False,True,False,True,False,True,True,True,False,False
458972093,True,False,True,False,False,False,True,True,False,True,True,True,True,False,True,True,False,True,True,True,True,True,True,False
459751300,True,False,False,True,True,True,False,True,False,True,True,True,True,False,True,True,True,True,True,True,False,False,True,False
461661043,False,True,True,True,False,False,True,True,False,False,True,True,False,True,True,False,True,True,True,True,True,True,False,True
461788869,True,False,False,False,True,True,True,True,True,True,True,False,True,True,True,False,True,False,True,False,False,True,False,True
462692057,True,False,False,False,False,False,False,True,True,True,True,True,False,True,False,False,False,False,True,False,True,True,False,True
462958476,False,True,True,True,False,True,False,True,True,True,False,False,False,True,True,False,False,False,True,True,False,False,True,True
463786418,True,False,True,True,False,True,True,False,True,True,False,True,True,False,True,False,False,True,True,True,False,True,True,False
464658368,False,False,True,True,False,True,True,True,True,False,False,True,True,False,True,False,True,False,False,True,True,True,True,True
464759072,True,True,True,False,True,True,True,True,True,True,False,False,True,True,True,False,False,False,True,True,True,True,False,True
466394878,True,True,True,False,False,False,True,True,True,True,False,True,True,True,False,True,True,False,True,True,False,True,True,True
467764793,True,True,False,True,False,False,True,True,True,True,True,True,True,False,True,False,True,True,True,True,True,True,True,True
470019837,False,True,True,False,False,False,True,True,True,True,False,True,True,True,True,False,False,True,True,False,True,False,True,True
472069675,False,True,True,True,True,True,True,True,True,False,True,True,True,False,True,False,False,True,False,True,False,True,True,True
472421009,True,True,False,True,False,False,True,True,True,True,True,False,False,True,False,True,False,False,True,False,False,True,False,True
475993114,True,True,False,True,False,True,True,True,False,True,True,True,True,False,True,False,False,True,True,True,True,False,False,True
477193119,True,True,False,False,False,False,False,False,True,True,False,False,False,False,True,True,False,False,True,True,True,True,True,False
478570128,True,False,False,True,True,False,True,True,True,False,True,False,False,True,False,True,True,False,False,True,True,True,True,True
479675001,False,True,False,True,True,True,False,False,True,True,False,False,True,True,True,False,True,False,False,False,True,False,True,True
480306559,True,False,False,False,False,True,False,True,True,False,True,True,False,True,True,False,False,False,False,True,False,True,True,True
481119149,False,True,True,True,True,False,False,False,True,True,True,False,True,True,True,True,False,True,False,True,True,True,True,False
481407414,False,True,True,True,True,True,False,True,True,True,True,False,True,True,False,True,False,False,False,False,False,True,False,True
482320644,True,False,True,True,True,False,True,True,True,True,True,True,True,False,True,False,True,False,False,False,True,False,False,False
482673289,False,True,False,True,False,True,True,False,True,True,False,True,False,False,True,False,True,False,True,True,False,False,True,True
483787667,False,True,True,True,False,False,True,True,True,True,True,False,True,False,True,True,True,False,True,True,True,True,False,False
484405823,True,False,True,False,True,True,True,False,False,True,False,False,True,False,True,True,True,True,True,True,False,True,True,True
485100773,False,True,False,False,False,True,False,True,False,True,False,True,False,False,False,False,False,True,False,True,True,True,True,False
486390987,True,True,False,True,False,True,True,False,False,True,True,False,True,True,True,False,True,True,True,False,True,False,False,True
487106027,False,True,True,True,True,True,True,False,True,True,True,False,True,False,True,True,False,True,True,False,True,True,True,True
488904373,False,True,False,True,False,False,True,True,True,True,True,False,False,False,False,False,True,False,True,True,True,True,True,False
489493777,True,True,True,True,True,True,True,False,False,True,True,True,True,True,True,True,False,True,False,True,False,True,True,False
489523995,False,True,True,False,True,False,False,True,False,True,False,True,True,False,True,True,False,True,True,False,True,False,True,True
490749334,True,True,True,True,True,False,False,False,False,True,True,True,True,True,False,False,True,False,True,True,True,False,False,True
491115760,True,True,True,True,True,True,False,False,True,True,False,False,True,False,False,True,True,True,False,False,True,True,False,True
491496312,False,True,True,False,True,True,True,False,False,False,False,True,True,True,True,True,True,False,True,True,True,True,True,True
491906213,True,True,True,False,False,True,True,True,True,False,True,True,True,True,True,True,True,False,True,False,True,False,False,False
493351737,True,True,False,False,True,True,True,True,False,False,True,True,True,False,False,False,False,True,False,True,True,True,False,True
493396220,True,True,True,False,True,True,False,True,False,True,True,True,True,False,True,True,False,True,True,False,False,True,True,True
493599637,True,False,True,True,True,False,False,True,True,True,True,False,True,True,True,True,True,True,True,True,False,True,True,True
496763224,True,True,False,True,False,True,True,True,True,True,False,True,True,True,True,False,True,True,True,True,False,True,True,False
497358268,True,False,True,False,True,True,True,True,True,False,True,True,False,True,False,True,False,True,True,True,False,False,False,True
501103089,True,True,True,True,True,True,True,False,True,True,False,True,True,False,True,False,True,True,True,True,True,True,True,False
504407301,True,True,False,True,False,True,False,False,False,False,False,True,False,False,False,False,True,True,True,True,False,True,True,True
505875419,False,True,False,True,True,True,True,False,True,True,False,False,True,False,False,False,False,False,True,True,True,True,False,True
507720142,True,True,True,False,True,False,False,True,True,True,False,True,True,True,False,True,True,True,False,True,True,True,True,False
508193230,False,True,True,True,False,False,True,False,True,True,False,True,False,False,False,True,True,True,False,True,True,False,False,True
509477760,True,False,True,False,True,False,True,False,True,False,True,True,False,False,True,False,True,False,True,False,False,False,False,False
511200721,True,True,False,False,False,False,True,True,True,False,True,True,True,False,False,True,True,False,False,True,True,False,True,True
511462920,True,True,True,True,False,True,True,False,True,True,True,True,True,True,True,True,True,True,True,True,True,True,True,True
514131712,True,True,True,True,True,True,True,True,False,True,True,False,False,False,True,True,True,False,True,True,True,True,False,True
516310342,True,True,True,True,True,False,True,True,False,False,True,True,True,True,True,True,True,True,True,True,True,True,True,False
516417675,True,False,False,True,False,True,True,False,True,True,True,True,True,False,True,True,True,True,True,True,False,True,True,True
519363156,False,True,True,True,True,True,True,True,False,False,True,True,False,True,True,True,True,True,True,True,False,True,True,True
520057903,False,True,False,False,False,True,False,False,True,False,False,False,True,False,True,True,True,True,False,False,False,False,True,True
520076927,True,True,True,True,False,False,True,True,False,True,False,False,False,False,True,True,False,True,False,True,True,True,True,False
520398202,True,True,False,True,False,False,True,True,False,True,True,True,True,False,True,True,True,True,True,True,True,True,True,True
520672632,True,False,False,False,False,True,True,True,False,True,True,True,True,False,True,True,False,False,False,False,False,True,True,False
520747778,True,False,True,True,True,True,True,False,True,True,True,True,False,True,True,True,True,False,True,True,True,False,True,True
520789972,True,False,True,True,False,True,False,True,True,False,True,True,False,True,False,False,True,True,True,True,True,False,True,True
527626747,True,False,True,True,True,False,False,True,True,True,True,True,False,True,False,True,True,True,True,True,True,False,True,False
527818319,False,True,True,True,False,True,False,True,True,True,False,True,False,True,True,True,False,False,True,True,True,True,True,False
528338084,False,True,False,False,False,True,True,True,True,False,False,False,True,True,True,True,True,False,True,False,False,True,True,True
530565811,True,True,True,False,False,True,True,False,False,False,True,True,True,False,True,True,True,True,True,True,True,False,False,True
530692085,True,True,True,False,False,True,True,False,True,False,True,False,False,False,True,True,True,False,True,True,False,False,True,False
531100714,True,True,True,True,True,True,True,False,True,False,False,True,False,False,False,True,False,True,True,False,False,True,True,True
531443583,True,True,True,True,True,True,True,True,False,True,True,True,True,True,True,False,True,False,False,False,False,True,True,True
532084997,True,True,True,False,True,True,False,False,False,False,True,False,True,False,True,True,True,False,False,False,True,True,True,True
534283543,False,True,True,True,True,True,False,True,False,False,True,True,True,True,False,True,False,True,False,True,False,True,False,False
535337219,False,True,True,False,False,True,True,True,True,True,True,True,True,True,True,True,True,True,True,True,False,True,True,True
535691321,False,True,True,False,False,True,True,True,True,True,True,True,True,True,True,True,False,True,False,True,True,True,True,False
536842822,True,True,True,False,False,True,True,True,False,False,True,True,False,False,True,True,False,True,False,False,True,False,True,True
537252492,True,True,True,True,False,True,False,True,False,True,False,True,True,True,True,True,False,True,True,False,True,True,True,True
539227092,True,True,True,True,False,True,True,False,True,True,False,False,False,True,False,True,True,True,True,True,True,True,True,True
540347974,True,True,True,False,True,True,True,True,False,False,True,False,True,False,True,False,True,True,False,True,True,False,True,True
541839353,True,True,True,True,True,True,True,True,False,True,True,True,True,False,False,True,True,False,True,True,False,True,False,True
543381711,True,True,True,False,True,True,False,True,True,True,True,True,True,False,False,True,True,True,True,False,True,True,False,True
543738372,True,True,True,True,False,True,True,True,False,False,True,True,False,False,False,True,True,True,True,False,True,False,True,False
546740101,True,True,True,True,True,False,True,True,False,False,False,True,False,True,False,True,True,True,False,False,True,True,True,True
550767280,False,True,True,False,True,True,True,False,True,True,True,True,False,False,True,False,False,True,False,False,False,True,True,True
551214871,True,False,True,False,True,False,True,True,True,False,True,True,False,True,False,False,True,False,True,False,True,False,False,True
553541248,True,True,True,False,True,False,True,False,True,True,False,True,True,True,True,True,False,True,False,True,True,True,False,False
555136889,True,True,True,False,False,True,False,False,True,False,False,True,True,True,True,True,True,False,True,True,True,False,False,True
555189619,True,True,False,True,True,True,False,False,True,True,True,True,False,True,True,False,True,False,False,True,False,False,True,True
555453873,False,True,False,True,True,True,False,True,True,True,True,True,True,True,False,True,True,True,False,False,True,False,True,True
556588556,True,True,False,True,True,True,True,False,True,False,False,True,True,True,False,True,True,True,True,True,True,False,True,True
557990187,False,True,True,False,False,True,True,True,True,True,True,True,True,True,True,False,True,False,True,True,True,False,True,False
558440058,True,True,True,False,True,False,False,False,True,False,True,False,True,True,False,True,True,True,True,True,True,True,True,True
559753364,True,False,False,True,False,True,True,False,True,False,True,False,True,True,True,False,True,True,True,False,False,False,True,False
560776046,True,True,True,True,True,True,False,False,True,True,True,True,True,True,True,True,True,True,False,True,True,False,True,True
561929255,True,True,True,True,True,True,True,True,False,True,True,False,True,True,True,True,True,False,True,False,False,True,False,True
564525435,True,True,False,False,False,True,True,True,True,True,True,True,True,True,True,True,True,False,True,True,True,True,True,True
565503211,True,True,True,False,True,False,False,True,False,True,True,True,True,True,True,True,True,True,True,True,True,True,True,False
569464160,True,True,True,True,True,True,True,False,True,True,True,True,False,True,False,True,False,True,True,True,True,False,True,False
570388234,False,False,True,True,True,True,True,False,True,True,True,True,True,True,False,True,True,False,False,True,True,False,True,False
570404466,True,True,True,False,False,False,True,True,False,False,True,True,True,True,True,True,False,True,True,True,True,True,True,True
573925056,False,False,False,True,True,True,False,True,True,False,False,True,True,True,False,False,True,True,True,True,False,False,False,True
575456615,True,True,True,True,True,False,True,True,True,False,True,True,True,True,True,False,False,False,True,True,True,True,False,False
576112716,True,True,True,True,False,False,True,True,True,False,True,False,True,False,False,True,True,True,True,False,True,False,False,True
578524115,True,False,False,False,False,True,True,True,False,True,True,True,True,True,True,True,True,True,True,True,False,True,True,False
578761487,False,False,False,True,False,True,True,True,False,True,True,True,False,True,True,True,True,False,False,True,False,True,False,True
579135480,True,False,True,True,True,False,True,False,False,True,False,False,True,False,False,True,False,True,True,False,True,True,True,True
582655122,True,True,True,True,True,True,True,True,True,False,True,True,False,True,False,True,False,True,True,True,False,False,True,True
582707060,False,True,True,False,False,False,True,True,False,False,False,False,True,False,False,True,False,True,True,True,True,True,True,False
583764860,False,False,True,True,True,False,False,True,True,True,True,True,True,False,False,False,True,False,True,False,True,True,True,False
583902236,True,False,False,False,False,False,True,True,False,True,True,False,True,False,True,True,False,True,False,False,True,True,True,True
584798226,True,False,True,False,True,False,True,True,True,False,True,False,True,False,True,True,True,True,True,True,True,True,True,True
586912408,True,True,True,True,False,True,True,True,True,True,False,False,True,True,True,True,True,False,True,True,False,False,True,False
587588685,True,True,False,True,False,True,False,True,True,True,True,True,False,False,True,True,False,True,True,True,True,True,False,False
587642225,False,True,True,True,True,False,False,False,True,True,False,False,True,False,True,True,True,True,False,False,True,False,True,True
588921309,True,False,True,True,True,True,True,False,True,True,True,True,True,True,False,True,False,True,True,True,False,True,True,True
589480964,True,False,True,False,True,False,False,True,True,True,False,True,True,True,False,True,False,True,False,True,True,True,False,True
591441634,True,True,True,True,True,True,True,True,True,True,True,False,True,True,False,False,True,True,True,False,True,False,True,True
592736170,True,False,True,True,True,True,False,False,True,False,False,False,True,True,True,True,False,True,False,True,True,True,False,True
594253307,True,True,False,False,False,True,True,True,True,False,True,True,True,False,True,False,False,True,True,False,False,False,True,True
594508290,True,False,True,False,True,True,False,True,False,True,True,True,True,True,True,False,True,True,True,False,True,True,False,False
596292659,True,False,True,True,False,True,True,False,False,True,True,True,False,True,False,True,True,True,False,True,False,True,True,True
596659192,True,False,True,False,True,True,True,True,True,False,True,False,False,True,True,True,False,True,True,False,False,True,False,True
596890160,True,True,True,True,True,False,True,False,True,False,True,True,True,True,True,True,True,True,False,False,False,True,True,True
596993739,False,True,False,False,True,True,False,False,True,False,True,True,True,True,True,True,True,False,True,True,True,True,True,False
597901394,False,False,True,True,True,True,True,True,True,False,False,True,True,True,False,False,True,False,True,True,True,True,False,True
598011973,False,True,False,True,True,True,False,True,True,True,False,False,False,False,True,True,False,True,True,False,True,False,False,False
598552476,False,False,False,False,False,True,False,True,True,False,False,True,False,True,False,True,False,False,False,True,False,True,True,False
599884187,True,True,True,True,False,True,False,True,False,True,False,True,False,True,False,True,True,True,True,False,True,False,True,True
600465334,True,False,False,True,False,True,False,True,False,True,True,False,True,True,False,True,False,False,True,False,False,True,False,True
600601839,True,True,False,False,False,True,True,False,True,True,True,False,True,False,True,False,False,False,False,True,False,True,True,False
601355057,False,True,True,False,True,True,False,False,True,True,True,True,True,True,False,True,True,True,True,False,True,True,True,True
603197253,True,True,False,True,False,False,True,False,False,True,True,True,False,True,True,True,True,True,True,True,False,True,True,True
604165697,True,False,True,True,True,True,False,True,True,False,False,True,False,False,True,True,False,True,True,True,False,True,False,False
604360296,False,True,True,True,True,True,False,True,True,True,False,True,True,False,True,True,True,True,False,True,False,False,False,True
606706935,True,True,True,True,True,True,True,False,False,True,True,True,True,True,True,False,False,False,True,True,True,False,True,True
606983333,True,False,False,True,True,True,True,True,False,True,True,True,False,True,False,True,True,True,True,True,False,True,True,False
608642860,True,False,True,False,True,True,True,True,True,False,False,False,False,True,True,False,True,False,True,False,False,False,True,False
608770881,True,True,True,True,False,True,False,False,False,True,True,True,True,False,True,True,False,True,True,False,True,False,True,True
609896148,True,True,True,False,True,False,True,False,True,False,True,True,False,False,False,False,False,True,False,False,True,True,False,False
611099454,True,False,True,False,True,True,True,True,False,True,False,False,True,True,False,True,True,False,False,True,True,True,False,True
611240288,False,True,True,True,True,False,True,True,True,False,True,True,True,False,True,True,True,True,False,False,True,True,True,True
611240499,False,False,False,True,True,True,False,True,False,True,False,True,False,True,False,True,True,True,True,True,True,True,True,False
612161326,False,True,False,True,False,True,False,True,True,True,True,True,True,False,False,True,False,False,True,False,True,True,True,True
612634322,True,False,True,True,True,False,True,True,True,False,False,True,True,False,False,False,False,False,True,True,True,True,True,True
614852976,True,True,True,True,True,False,True,True,False,True,True,True,True,True,False,True,True,False,False,False,True,True,True,True
616437785,True,True,True,False,True,True,False,False,True,False,True,False,False,False,True,True,True,True,True,False,True,True,True,True
616630032,True,True,True,True,False,True,False,True,True,False,False,True,True,False,False,False,True,True,True,True,False,True,True,True
617513041,True,False,False,False,False,False,True,True,True,True,True,False,False,True,True,True,False,False,True,True,True,True,True,True
619810670,False,True,True,False,False,False,False,False,True,True,True,True,False,False,True,True,False,True,False,True,False,False,True,True
622631669,True,True,True,True,True,True,True,True,True,False,True,True,False,False,True,True,False,True,False,False,True,True,True,False
623388320,True,False,True,True,False,True,False,True,True,True,False,False,False,False,False,True,True,True,True,True,False,False,True,True
623812701,True,True,True,True,True,True,False,True,True,True,True,True,False,False,True,False,True,True,True,True,True,False,False,True
626889423,True,True,False,False,True,False,False,True,False,False,False,True,True,True,True,False,False,False,True,False,True,True,True,False
627164616,True,True,False,True,False,True,False,True,True,True,True,False,True,True,True,True,True,False,True,True,False,True,False,True
629825778,False,True,True,True,True,False,True,True,True,False,True,False,True,False,True,True,True,True,True,False,True,True,True,True
632435054,False,False,True,True,True,True,True,False,True,True,True,False,True,False,True,False,True,True,False,True,True,False,True,True
633275097,True,True,True,True,True,True,False,True,True,True,True,True,True,True,True,False,True,False,True,False,False,False,True,True
634810697,True,True,True,True,True,True,True,True,True,False,False,True,False,False,True,False,False,True,True,True,False,True,True,True
636915193,True,True,False,True,False,True,True,True,False,False,True,True,False,True,True,False,True,True,True,True,True,True,True,True
638039063,False,True,True,True,False,True,True,True,True,True,False,False,True,True,True,True,False,False,True,True,True,True,True,True
638523013,True,False,True,True,True,False,False,True,True,False,False,True,False,True,False,True,True,True,True,False,True,False,True,True
639090394,False,False,False,True,True,True,True,False,True,False,True,False,True,True,True,True,False,True,True,False,True,True,False,False
642454831,False,True,False,True,False,True,True,False,True,True,True,True,False,True,False,False,True,False,False,True,True,True,True,True
642538550,True,False,True,True,True,False,True,False,False,False,False,True,True,True,True,False,False,True,False,True,False,False,False,True
644706943,True,True,True,True,True,True,False,True,False,True,True,True,False,True,False,True,True,True,True,False,True,True,True,False
645989146,False,True,True,True,False,True,True,False,False,False,True,False,True,True,True,False,True,False,True,False,True,True,False,False
646831630,True,True,False,True,True,True,True,False,False,False,False,True,True,True,True,False,False,False,True,True,True,True,False,True
648651741,False,True,False,True,True,False,False,False,True,True,True,True,True,True,True,True,False,True,True,True,True,False,True,True
649210867,True,False,False,False,True,True,True,False,True,True,False,True,False,True,True,True,True,True,True,True,True,True,True,False
651787740,True,False,False,True,True,False,True,True,True,True,False,False,True,True,True,True,True,True,False,True,False,True,False,True
660545419,False,True,True,True,True,True,True,False,False,True,True,True,False,True,True,True,True,True,False,True,False,True,False,True
661570833,True,True,False,True,True,True,False,True,True,False,True,True,True,False,True,True,False,False,False,True,True,True,False,True
670756270,False,False,True,True,False,False,True,True,True,False,True,True,True,True,True,True,True,True,True,True,True,False,True,False
671450899,False,False,False,True,False,True,True,False,False,False,True,False,False,True,False,True,False,False,True,True,True,True,True,True
672032529,True,False,True,True,True,True,False,True,True,True,True,True,True,True,True,True,False,True,False,True,True,True,True,False
672587144,True,True,True,True,True,True,True,False,True,True,True,True,True,True,True,False,True,True,True,True,False,True,False,True
674073197,True,False,False,False,False,False,True,True,False,True,True,True,True,True,False,True,False,True,True,True,False,True,False,True
674905490,False,True,False,True,True,False,True,True,False,True,True,False,False,False,True,True,False,False,False,True,False,False,True,True
676408687,False,False,True,True,True,True,True,False,True,True,False,True,True,False,False,True,True,True,True,False,False,False,False,False
678377048,True,True,True,True,True,True,True,True,True,False,True,True,False,False,True,True,True,False,True,True,True,True,True,False
679299264,True,False,True,True,True,True,True,True,True,True,False,True,False,True,False,True,False,False,False,True,False,False,False,False
679633181,False,True,False,True,False,True,True,True,False,False,False,True,True,True,True,False,True,True,True,True,True,True,True,True
680014684,False,True,True,True,False,True,False,False,True,False,True,False,False,False,False,False,True,False,False,True,True,True,False,False
680178464,True,True,True,False,True,False,True,True,False,False,False,False,False,False,True,False,False,True,True,True,False,False,True,False
682629722,False,False,True,True,False,False,False,True,True,True,True,False,True,True,False,True,True,True,True,True,True,True,False,False
684364990,True,True,False,True,True,False,True,True,True,True,True,False,False,False,True,True,False,True,False,True,True,True,False,False
684824384,False,False,True,True,False,True,False,True,False,True,True,True,True,False,False,True,False,True,False,True,True,False,True,True
684981355,True,True,False,False,False,False,True,True,True,True,False,True,True,False,True,False,False,True,False,True,True,True,True,False
685169388,True,True,False,False,False,True,True,False,True,True,False,True,False,True,False,True,True,True,True,True,True,True,True,True
685757522,True,True,True,True,True,False,False,False,True,True,True,True,True,False,True,True,True,True,True,False,True,True,True,True
687416245,False,False,False,False,True,True,True,True,True,True,True,True,True,True,True,True,True,True,True,False,False,True,True,True
687419720,True,False,True,True,False,True,True,False,True,True,True,False,True,False,True,True,True,True,False,True,True,False,True,True
687461501,True,False,False,True,False,False,False,True,False,True,True,True,True,True,False,True,False,True,True,False,False,True,False,False
689638374,True,True,False,True,True,False,False,True,True,True,False,True,True,False,True,False,True,True,True,True,True,True,False,False
692314701,True,True,False,True,False,False,False,True,False,True,True,True,True,False,True,True,True,True,False,True,True,True,False,True
692704428,True,True,True,True,True,True,True,False,True,False,False,False,True,True,True,True,True,True,False,False,False,True,True,True
692709285,False,True,True,True,False,False,False,True,False,False,True,False,False,True,True,True,True,False,False,True,True,True,True,False
692917530,True,True,True,False,True,True,True,True,False,True,False,False,True,True,False,True,False,True,True,True,True,False,True,False
693013380,False,True,True,True,True,True,True,True,True,False,False,True,True,True,True,True,True,True,True,True,True,False,False,True
695053758,False,True,False,True,True,False,False,True,True,False,True,True,True,True,False,False,True,True,False,False,True,True,True,False
696925609,True,True,True,False,False,False,False,True,True,True,True,False,True,True,True,False,True,True,True,True,False,True,True,False
698425747,False,True,True,True,False,True,True,False,False,True,True,True,True,True,True,True,False,True,True,True,False,True,False,False
699096800,True,False,False,True,True,True,False,False,True,False,False,False,True,True,True,False,False,False,False,True,True,True,True,True
699175442,False,True,False,True,False,False,False,True,False,True,True,True,False,True,True,True,True,True,False,False,True,True,True,True
702496289,True,True,True,True,True,True,True,True,True,False,True,True,False,True,True,True,True,True,True,True,True,True,False,False
704506685,True,False,True,True,False,True,False,True,False,True,False,True,False,False,False,True,False,True,True,True,False,True,False,True
708354701,False,True,True,True,True,True,False,False,True,False,False,False,False,True,True,False,False,True,True,True,False,True,True,False
709117996,True,True,False,True,False,True,False,False,True,False,False,True,True,True,False,False,False,True,False,True,True,True,False,True
710450932,True,False,True,True,True,False,True,False,True,False,True,False,True,True,False,False,True,True,False,False,True,True,False,True
710835545,False,True,False,True,True,True,False,False,True,False,False,False,True,True,False,True,False,True,True,True,False,False,True,True
713575591,True,True,True,True,False,False,False,False,True,True,True,True,False,True,True,False,True,True,False,True,True,True,True,True
715024442,False,True,True,True,True,False,False,True,False,False,True,False,True,True,True,False,True,True,True,True,True,True,False,True
715713228,True,False,True,False,True,False,True,False,False,False,True,False,True,False,False,True,True,False,True,False,False,False,True,False
716916945,False,True,True,False,True,False,False,True,True,True,True,False,True,True,False,True,False,True,False,False,True,True,True,True
717186636,True,True,True,True,True,False,True,True,True,True,False,True,True,False,True,False,True,True,True,True,False,True,True,True
720330226,False,False,True,False,False,False,True,False,True,False,False,True,False,True,True,False,True,False,True,False,False,False,True,False
721409917,True,True,False,False,True,False,True,False,True,False,True,True,False,False,True,False,True,True,False,False,True,True,True,False
722838302,False,False,True,True,True,True,False,False,True,False,True,False,True,True,True,True,True,True,False,False,True,False,False,True
725099845,True,True,True,True,True,False,True,True,True,True,True,False,True,True,False,True,False,True,True,False,True,False,False,True
727794349,True,True,False,True,False,True,True,True,True,False,False,True,False,True,True,False,True,True,True,True,True,True,True,False
728055034,True,True,False,True,False,True,True,True,True,True,True,True,True,True,True,True,True,False,True,True,False,True,True,False
728578450,True,True,True,True,True,True,True,False,False,False,True,True,False,False,False,True,False,True,False,True,True,True,True,False
729592285,True,True,True,False,False,True,True,False,True,True,False,True,True,False,False,True,True,False,True,True,True,True,False,True
735225209,True,True,True,False,True,True,True,True,False,False,True,True,True,True,False,False,False,True,True,False,True,True,False,True
737971118,False,True,True,False,True,True,False,True,False,False,True,False,True,False,True,False,True,False,True,True,True,True,False,False
738398993,True,True,False,True,True,True,True,True,False,True,True,False,True,True,True,False,True,False,True,True,False,True,False,True
739509332,False,True,True,True,False,True,True,True,True,True,True,False,False,True,True,True,True,True,False,True,False,True,False,False
741369585,False,False,True,True,False,True,False,False,False,False,True,True,True,False,False,True,False,False,False,True,True,True,True,True
741386273,True,False,True,True,True,True,True,True,False,True,True,False,False,True,False,True,True,True,True,True,True,True,True,False
742990336,True,True,True,True,True,True,True,True,False,True,False,False,True,True,False,False,False,True,True,True,True,False,True,False
743303567,False,True,True,False,True,False,True,True,True,True,False,True,True,True,True,True,True,True,True,True,True,False,True,True
745673395,True,False,True,True,False,False,False,False,False,True,True,False,True,False,True,False,False,False,True,True,True,True,True,True
747743337,False,True,True,True,False,True,True,False,True,True,False,False,False,True,True,True,False,True,False,True,True,True,True,False
749416055,False,True,True,False,False,False,False,True,True,True,True,True,True,False,True,True,True,False,True,False,True,False,False,True
749744488,True,True,False,True,True,True,False,True,True,True,True,False,False,True,False,True,True,True,False,True,False,True,True,True
750662495,True,False,False,True,False,True,True,True,True,True,True,True,True,True,True,False,False,True,True,False,True,True,True,False
751202652,True,False,False,True,False,True,True,True,True,False,True,False,False,True,False,True,False,True,False,True,True,False,False,True
751230966,False,True,False,True,False,False,True,True,True,True,False,True,True,False,False,False,False,True,True,True,True,False,False,True
751679764,True,False,True,True,True,False,True,True,True,True,True,False,True,True,True,True,False,False,False,False,True,False,False,True
751684310,False,True,False,False,True,True,False,True,False,True,True,True,True,True,False,False,True,True,True,True,True,True,True,True
752689069,True,False,True,True,False,True,True,True,True,True,False,False,True,True,True,True,True,False,True,True,True,True,True,False
756861836,False,True,True,True,False,True,False,False,True,True,False,True,True,True,True,True,True,True,True,True,True,True,True,False
758688287,False,True,True,True,False,True,True,True,False,True,False,False,True,True,False,True,True,False,True,False,True,False,False,False
759915059,False,True,False,True,True,False,True,False,False,True,True,True,True,False,False,True,True,False,True,True,True,True,True,False
759982482,True,True,False,False,False,False,False,False,True,True,False,True,False,True,True,True,True,False,True,False,False,True,False,True
760114624,False,False,False,True,True,False,True,True,True,True,True,False,True,True,False,False,False,True,True,False,True,True,False,True
760853216,False,True,True,True,False,True,True,True,True,True,True,True,True,False,True,False,True,False,False,True,True,True,True,False
764619747,True,False,True,True,True,True,False,False,True,True,True,False,False,True,True,True,True,False,True,False,False,True,True,True
766437236,True,False,True,True,True,False,True,True,True,True,True,True,False,False,True,True,False,True,True,True,False,True,False,True
766961267,False,True,True,True,True,True,True,False,False,False,True,True,False,False,True,False,True,True,True,False,True,True,False,True
767051013,True,False,False,True,True,True,True,False,False,True,False,True,False,False,False,True,True,False,True,True,False,True,True,False
767166191,False,True,False,False,True,True,False,False,True,False,True,True,False,True,True,False,True,False,False,True,True,False,True,False
768939945,True,False,True,True,True,True,True,False,False,True,True,True,True,True,True,False,True,False,False,True,True,False,True,True
770591607,True,True,True,False,True,False,True,True,False,True,True,False,True,True,True,True,False,True,False,False,False,False,True,True
770816562,True,False,True,True,True,False,False,True,True,True,True,True,True,True,True,False,True,True,True,True,True,True,True,True
770832079,False,False,True,False,True,True,True,True,False,True,False,True,False,True,True,True,True,True,False,True,True,False,False,True
772601135,True,True,True,True,True,False,False,True,False,True,True,True,False,True,False,True,True,False,True,False,False,True,True,True
776233358,False,True,False,True,False,True,False,True,True,False,False,False,True,True,False,False,True,True,False,True,False,True,True,True
776645508,True,True,True,False,True,False,False,True,True,True,True,True,True,True,True,False,False,True,False,True,True,True,True,True
778250302,True,False,True,True,False,True,False,False,True,True,True,True,False,False,True,True,True,False,True,True,False,True,True,False
778668175,True,False,False,True,True,True,False,True,True,True,True,False,True,True,True,False,False,True,False,False,True,True,True,True
778844011,False,True,False,True,True,False,False,False,True,True,True,False,True,True,True,True,True,True,False,True,True,False,False,True
779476219,True,False,True,True,True,False,False,False,False,False,False,True,False,True,True,False,False,True,False,False,True,True,True,True
779691018,True,True,False,True,False,True,True,False,False,False,True,True,True,True,True,False,True,True,False,False,True,True,True,True
779862451,True,True,True,False,True,True,False,False,True,True,True,True,False,False,True,True,True,True,False,True,False,False,True,False
784418358,False,False,False,True,False,False,True,False,False,False,True,False,True,True,False,False,True,True,True,False,True,True,True,True
786453142,True,False,False,False,False,True,True,True,False,True,True,True,False,True,True,True,True,True,True,True,True,False,True,False
788647649,True,True,False,True,False,True,True,False,True,True,False,False,False,True,True,True,True,False,False,False,True,True,True,False
789352041,True,False,False,True,True,True,False,False,False,True,True,True,False,True,True,False,False,True,False,True,False,True,True,False
790128360,True,False,True,False,True,True,False,True,False,True,False,True,False,False,True,True,True,False,False,True,True,True,False,False
793686565,True,True,True,False,False,True,True,True,False,True,True,True,True,True,True,False,True,True,False,True,True,True,True,True
793997363,False,True,True,False,True,False,True,True,True,False,False,True,True,True,True,False,True,True,True,False,True,False,True,True
794868928,False,True,True,True,False,False,False,True,False,True,True,False,True,True,False,False,True,False,False,True,True,True,False,True
796052140,True,False,True,True,False,False,True,False,True,False,True,False,False,True,True,True,True,True,True,False,True,True,True,True
796971845,False,True,False,True,False,False,False,False,True,True,True,True,True,True,False,False,True,True,True,False,False,True,False,True
797853231,False,False,False,False,True,True,True,True,True,True,False,False,True,False,True,True,True,True,False,False,True,True,True,True
798214486,True,False,False,True,True,True,False,False,False,True,True,True,True,True,False,False,True,False,True,False,False,True,False,True
798360348,False,True,True,False,True,False,True,False,True,True,False,True,True,False,True,True,True,True,False,True,True,True,True,False
800348499,False,True,False,False,True,False,True,True,False,False,False,True,True,False,True,False,False,True,False,True,True,True,False,True
800706873,False,True,False,True,False,True,True,False,False,True,False,False,False,False,True,True,True,True,True,True,True,False,True,True
802453950,False,False,True,False,False,True,True,False,False,False,True,True,True,False,True,True,True,False,True,True,True,False,True,False
803940397,True,True,False,False,True,True,True,False,True,True,False,False,False,True,True,True,False,True,False,False,False,True,True,True
803997828,False,False,True,True,False,False,True,True,True,True,True,True,True,True,True,True,True,True,False,False,True,False,False,True
805596931,False,True,True,True,True,True,True,True,False,False,True,False,False,True,False,False,True,True,True,True,False,False,True,False
806655705,False,True,False,True,True,True,False,True,False,True,True,True,True,False,True,True,False,True,True,True,True,False,True,False
807063454,False,True,True,False,True,True,True,True,True,False,True,False,False,False,True,True,True,True,True,False,True,False,False,True
808279954,False,True,True,True,True,True,True,True,True,True,True,True,True,False,True,True,False,True,True,True,True,False,False,True
809146081,True,True,True,True,True,True,False,True,False,False,True,True,True,True,True,False,False,True,True,False,False,True,True,False
811249492,True,True,True,True,True,False,False,True,True,True,True,False,False,True,True,True,False,True,True,True,False,True,True,False
814665298,True,False,False,True,False,True,True,True,True,True,True,True,True,True,True,True,True,False,True,True,False,True,True,True
815776587,False,False,True,False,False,False,False,True,True,False,True,False,False,True,False,False,True,False,True,True,True,True,True,True
815909275,True,False,False,False,True,False,True,True,True,True,False,False,True,True,True,True,True,False,False,False,True,True,True,True
821357677,True,True,True,False,True,False,True,True,True,True,True,True,True,True,True,True,True,True,True,True,True,False,True,True
824847749,False,False,False,True,False,False,True,True,True,True,False,False,False,True,True,False,True,True,False,False,True,False,False,False
825489850,False,False,True,True,True,True,True,True,False,False,False,False,True,True,False,False,True,True,True,False,True,False,True,True
828221836,True,False,True,True,True,False,True,False,True,False,True,True,True,True,True,True,True,True,True,True,True,False,True,True
830372285,True,False,False,True,True,False,True,False,False,False,False,True,True,False,True,True,True,True,True,True,False,False,False,False
830636824,False,False,False,True,True,False,False,True,True,False,False,True,True,True,True,True,True,False,False,False,True,True,False,False
831524645,False,True,False,True,False,True,False,True,True,False,True,False,True,False,False,False,False,True,True,False,False,False,True,True
832865115,True,False,True,True,True,False,True,False,True,True,True,True,False,True,True,True,True,False,False,True,True,False,True,False
833884781,True,True,True,True,True,False,True,True,False,False,True,True,True,True,False,False,True,False,True,True,False,True,False,True
833937677,True,True,True,False,True,False,False,True,False,False,False,False,True,True,True,False,True,True,True,False,False,True,True,True
833956386,False,True,True,False,False,True,False,True,True,True,True,True,True,False,False,True,True,True,False,True,True,False,False,True
835239508,False,True,True,True,False,False,True,False,True,True,False,False,False,True,False,True,True,False,True,True,True,False,True,True
835276361,True,True,True,True,False,True,False,True,True,False,True,False,False,True,True,True,True,True,True,True,True,True,True,False
835451904,True,False,True,True,False,False,False,False,True,False,True,True,True,True,True,False,False,False,True,True,False,False,True,True
835634719,True,True,True,False,True,True,False,False,True,False,False,True,False,False,True,True,False,False,True,True,True,True,True,True
836183889,True,False,True,True,True,False,True,True,True,False,True,True,True,False,True,False,True,True,False,False,False,True,True,False
838149948,True,False,True,False,True,False,True,True,False,True,False,False,False,True,True,True,True,True,False,True,False,False,True,True
840291853,True,True,False,True,True,True,True,False,False,False,True,False,True,False,False,False,True,False,False,False,True,True,True,True
840490123,False,True,False,True,False,False,False,True,True,True,False,True,False,False,True,True,True,True,True,True,True,True,True,True
841431614,True,True,True,True,False,True,True,False,True,True,False,True,True,True,True,True,False,False,True,True,True,False,True,True
844942027,True,True,False,True,True,False,True,True,False,True,False,True,True,True,True,True,True,True,True,True,True,True,False,True
847325540,True,False,False,True,True,True,False,True,True,True,True,False,True,True,True,True,False,True,True,False,True,True,True,True
848331132,True,False,True,True,True,True,True,True,True,False,False,True,False,True,False,True,True,True,False,False,True,True,True,True
848979759,True,True,False,True,True,True,False,True,False,True,True,True,True,True,True,True,False,True,True,False,False,True,False,True
850295541,True,True,False,True,True,True,False,False,False,False,True,False,True,False,True,True,True,True,True,True,True,True,False,True
851686315,False,True,True,True,True,False,True,True,True,False,True,True,True,False,True,False,False,False,True,True,False,True,True,True
851705461,True,False,False,True,False,False,False,False,False,False,False,False,True,False,True,True,True,True,True,False,False,False,True,False
852719754,True,True,True,True,True,True,False,False,True,True,False,True,False,False,False,True,True,False,True,False,True,True,True,True
854637860,True,True,True,False,True,True,True,False,False,True,False,False,False,True,False,True,True,True,True,True,True,True,True,True
855688569,False,False,True,True,True,True,True,True,False,False,False,True,True,False,True,True,True,False,True,True,False,True,True,True
856991892,True,True,False,True,False,True,False,False,True,False,True,True,True,True,False,True,False,True,True,True,False,True,False,False
859681550,False,True,True,True,True,True,True,True,True,False,True,False,True,False,True,False,True,False,False,True,True,False,False,True
860492443,True,False,False,False,True,True,True,False,False,True,True,True,False,True,True,True,True,False,True,True,True,True,True,True
862285465,False,False,True,False,True,True,True,False,False,True,True,True,True,False,True,True,True,False,True,True,True,False,True,False
862977361,False,True,True,False,True,True,False,True,False,True,True,False,True,True,True,True,False,False,False,True,True,False,True,True
863577446,True,False,True,False,False,False,True,True,True,True,True,True,True,True,True,False,True,False,False,True,True,True,True,True
864159356,False,False,True,True,True,True,False,False,False,True,False,True,False,True,False,True,False,False,False,False,True,False,True,False
866089125,True,False,True,False,True,True,False,False,False,True,False,True,True,False,True,True,False,False,True,False,False,True,False,False
866212378,False,True,True,False,False,False,True,False,False,True,True,True,True,False,True,True,True,False,True,True,True,True,True,True
868650316,False,True,False,False,True,False,False,False,True,False,True,False,True,True,False,True,True,False,False,True,False,True,False,True
869772918,True,False,True,True,True,False,True,False,False,True,True,True,False,False,True,True,True,True,False,True,False,True,True,True
870800834,False,True,True,True,False,True,True,True,False,True,True,True,True,True,False,False,True,True,True,True,True,False,False,False
871058133,False,False,True,False,True,False,False,True,False,True,True,True,False,True,False,True,True,True,True,False,False,True,False,True
874676780,True,True,True,False,False,False,True,True,True,True,True,False,True,True,True,False,True,True,True,False,True,True,True,False
878800840,True,True,True,False,False,True,False,False,True,True,True,False,True,True,False,False,True,True,True,False,False,True,True,True
878848878,True,False,True,True,True,True,False,True,True,False,True,True,False,True,False,True,True,True,False,True,True,True,False,True
878957860,True,True,True,True,True,True,True,True,False,False,True,True,False,True,False,False,True,True,True,False,True,True,True,False
879019178,False,False,True,False,True,True,True,False,True,True,False,False,False,True,True,True,False,True,True,True,True,True,True,True
882108382,True,True,True,True,False,False,True,True,True,False,True,True,True,False,True,True,True,True,True,True,True,False,False,True
883835576,False,True,True,True,True,True,True,False,False,False,False,True,True,True,True,False,False,True,True,False,True,True,True,False
884687117,True,True,False,True,True,True,False,True,True,True,True,True,True,True,False,True,False,False,False,True,True,False,True,True
884909280,True,True,False,True,False,False,False,True,True,True,False,False,False,True,True,True,True,True,True,True,True,True,True,False
885929954,True,True,True,True,True,True,True,True,True,True,True,True,False,False,False,False,True,True,False,False,False,False,False,False
886725553,False,True,False,True,True,False,True,True,True,True,True,False,True,False,False,True,True,True,False,False,False,True,True,True
887241826,False,True,True,False,True,False,False,True,False,True,True,True,False,False,True,False,False,True,True,False,True,True,True,False
888181798,True,True,True,True,False,True,False,False,True,False,True,True,True,False,True,True,False,True,True,True,True,True,False,True
889032108,True,True,True,True,False,False,False,True,False,True,False,False,False,False,True,True,False,True,True,True,True,True,True,True
889999622,False,True,True,False,False,False,True,True,False,True,True,True,False,True,False,False,False,False,True,True,False,True,True,True
890968554,True,True,True,True,True,True,True,False,True,True,False,False,True,True,True,True,False,True,False,False,True,True,True,True
891507025,True,True,False,False,False,True,True,True,True,True,True,False,True,True,True,True,True,True,True,True,True,True,True,True
891516544,True,True,True,True,True,False,True,True,True,True,True,True,True,False,False,False,True,True,True,False,True,False,False,True
892305854,True,True,False,True,False,True,True,False,False,True,True,True,True,False,False,True,True,True,True,True,True,False,False,True
893061110,False,False,True,True,True,True,False,True,True,False,True,True,True,True,False,True,True,False,True,False,True,False,True,False
893870043,True,True,True,True,True,False,True,False,False,False,True,True,False,True,True,False,True,True,True,False,False,True,True,False
895913695,True,True,True,False,True,True,False,True,False,False,False,True,True,False,True,True,False,True,False,False,True,False,True,True
896030670,False,True,True,True,True,True,True,True,True,True,False,True,True,True,True,True,True,True,True,False,True,True,False,True
897199887,True,True,True,False,False,True,True,True,True,False,True,True,True,True,True,False,True,True,True,True,True,False,True,True
897330680,True,True,False,True,True,False,True,True,False,True,False,True,True,False,True,False,True,False,True,True,False,False,True,False
898088860,True,True,True,False,False,True,False,True,True,True,False,False,True,True,True,True,False,True,False,True,False,True,True,True
898161730,False,False,True,True,True,True,False,False,True,True,True,False,False,True,False,True,False,False,True,True,True,False,True,True
899523041,False,False,False,False,True,False,True,True,True,False,False,True,False,True,False,True,True,True,True,True,False,True,True,False
